[
  {
    "id": "Earth.系統誕生紀念.20260104120959",
    "type": "memory",
    "body": "earth",
    "title": "系統誕生紀念",
    "coords": {
      "lat": 24.9823,
      "lon": 121.2481,
      "alt": 0
    },
    "time": "2026-01-04T12:09:59.979530Z",
    "content": "粒子立體地球儀記憶系統誕生！整合了 MQM、分析師守護者、KML 處理器，實現了「怎麼過去，就怎麼回來」的核心理念。",
    "summary": "主要討論：mqm、kml、粒子立體、地球儀記、憶系統誕。涉及概念：體地球儀記憶系統、KML",
    "keywords": [
      "mqm",
      "kml",
      "粒子立體",
      "地球儀記",
      "憶系統誕",
      "整合了",
      "分析師守",
      "護者",
      "處理器",
      "實現了"
    ],
    "concepts": [
      "體地球儀記憶系統",
      "KML"
    ],
    "tags": [
      "origin",
      "KML",
      "kml",
      "粒子立體",
      "mqm",
      "體地球儀記憶系統",
      "development",
      "milestone",
      "memory"
    ],
    "meta": {
      "content_type": "short_text",
      "language": "zh",
      "sentiment": "neutral",
      "source": "development",
      "created_by": "ParticleGlobeMemorySystem",
      "version": "2.0.0"
    },
    "compressed": {
      "粒子序列": "A01-G01-ZZZ-ZZZ-ZZZ-H01-I01-J01",
      "對照表": {
        "A01": "系統誕生紀念",
        "G01": {
          "ZZZ": 0
        },
        "H01": "2026-01-04T12:09:59.979530Z",
        "I01": "粒子立體地球儀記憶系統誕生！整合了 MQM、分析師守護者、KML 處理器，實現了「怎麼過去，就怎麼回來」的核心理念。",
        "J01": [
          "origin",
          "KML",
          "kml",
          "粒子立體",
          "mqm",
          "體地球儀記憶系統",
          "development",
          "milestone",
          "memory"
        ]
      }
    }
  }
]